INSERT INTO equipment_type(`equipment_type_id`, `equipment_type_name`) VALUES ('1', 'Electric Guitar');
INSERT INTO equipment_type(`equipment_type_id`, `equipment_type_name`) VALUES ('2', 'Bass');
INSERT INTO equipment_type(`equipment_type_id`, `equipment_type_name`) VALUES ('3', 'Keyboard');
INSERT INTO equipment_type(`equipment_type_id`, `equipment_type_name`) VALUES ('4', 'Drum kit');
INSERT INTO equipment_type(`equipment_type_id`, `equipment_type_name`) VALUES ('5', 'Speakers');

INSERT INTO equipment (`equipment_id`, `equipment_name`, `equipment_type_id`, `rental_fee`, `equipment_status`) VALUES ('1', 'Fender Vintera II Tele', '1', '1000.00', 'UNDAMAGED');
INSERT INTO equipment (`equipment_id`, `equipment_name`, `equipment_type_id`, `rental_fee`, `equipment_status`) VALUES ('2', 'Squier Bullet Mustang', '1', '1000.00', 'UNDAMAGED');
INSERT INTO equipment (`equipment_id`, `equipment_name`, `equipment_type_id`, `rental_fee`, `equipment_status`) VALUES ('3', 'PRS SE Custom 24', '1', '1000.00', 'UNDAMAGED');
INSERT INTO equipment (`equipment_id`, `equipment_name`, `equipment_type_id`, `rental_fee`, `equipment_status`) VALUES ('4', 'Epiphone LP Special', '1', '1000.00', 'UNDAMAGED');
INSERT INTO equipment (`equipment_id`, `equipment_name`, `equipment_type_id`, `rental_fee`, `equipment_status`) VALUES ('5', 'Gibson Les Paul Custom', '1', '1000.00', 'UNDAMAGED');
INSERT INTO equipment (`equipment_id`, `equipment_name`, `equipment_type_id`, `rental_fee`, `equipment_status`) VALUES ('6', 'SX SJB62+ J Style Vintage Series', '2', '1000.00', 'UNDAMAGED');
INSERT INTO equipment (`equipment_id`, `equipment_name`, `equipment_type_id`, `rental_fee`, `equipment_status`) VALUES ('7', 'Squier Classic Vibe \'60s', '2', '1000.00', 'UNDAMAGED');
INSERT INTO equipment (`equipment_id`, `equipment_name`, `equipment_type_id`, `rental_fee`, `equipment_status`) VALUES ('8', 'Yamaha BB435', '2', '1000.00', 'UNDAMAGED');
INSERT INTO equipment (`equipment_id`, `equipment_name`, `equipment_type_id`, `rental_fee`, `equipment_status`) VALUES ('9', 'G&L Tribute L-2000', '2', '1000.00', 'UNDAMAGED');
INSERT INTO equipment (`equipment_id`, `equipment_name`, `equipment_type_id`, `rental_fee`, `equipment_status`) VALUES ('10', 'Schecter Stiletto Studio 6', '2', '1000.00', 'UNDAMAGED');
INSERT INTO equipment (`equipment_id`, `equipment_name`, `equipment_type_id`, `rental_fee`, `equipment_status`) VALUES ('11', 'Casiotone CT-S300', '3', '800.00', 'UNDAMAGED');
INSERT INTO equipment (`equipment_id`, `equipment_name`, `equipment_type_id`, `rental_fee`, `equipment_status`) VALUES ('12', 'Yamaha PSR-E283', '3', '800.00', 'UNDAMAGED');
INSERT INTO equipment (`equipment_id`, `equipment_name`, `equipment_type_id`, `rental_fee`, `equipment_status`) VALUES ('13', 'Roland FP-10', '3', '800.00', 'UNDAMAGED');
INSERT INTO equipment (`equipment_id`, `equipment_name`, `equipment_type_id`, `rental_fee`, `equipment_status`) VALUES ('14', 'Alesis Recital Pro', '3', '800.00', 'UNDAMAGED');
INSERT INTO equipment (`equipment_id`, `equipment_name`, `equipment_type_id`, `rental_fee`, `equipment_status`) VALUES ('15', 'Kurzweil KP10', '3', '800.00', 'UNDAMAGED');
INSERT INTO equipment (`equipment_id`, `equipment_name`, `equipment_type_id`, `rental_fee`, `equipment_status`) VALUES ('16', 'Ludwig Breakbeats', '4', '2000.00', 'UNDAMAGED');
INSERT INTO equipment (`equipment_id`, `equipment_name`, `equipment_type_id`, `rental_fee`, `equipment_status`) VALUES ('17', 'Yamaha Stage Custom Birch ', '4', '2000.00', 'UNDAMAGED');
INSERT INTO equipment (`equipment_id`, `equipment_name`, `equipment_type_id`, `rental_fee`, `equipment_status`) VALUES ('18', 'Gretsch Catalina Club', '4', '2000.00', 'UNDAMAGED');
INSERT INTO equipment (`equipment_id`, `equipment_name`, `equipment_type_id`, `rental_fee`, `equipment_status`) VALUES ('19', 'Tama Imperialstar', '4', '2000.00', 'UNDAMAGED');
INSERT INTO equipment (`equipment_id`, `equipment_name`, `equipment_type_id`, `rental_fee`, `equipment_status`) VALUES ('20', 'Pearl Export EXX ', '4', '2000.00', 'UNDAMAGED');
INSERT INTO equipment (`equipment_id`, `equipment_name`, `equipment_type_id`, `rental_fee`, `equipment_status`) VALUES ('21', 'Wilson Audio Alexandria X-2 Series 2', '5', '3000.00', 'MAJ_DMG');

INSERT INTO performer (`performer_id`, `performer_name`, `contact_first_name`, `contact_last_name`, `contact_no`) VALUES ('1', 'Kessoku Band', 'Nijika', 'Ijichi', '9920439075');
INSERT INTO performer (`performer_id`, `performer_name`, `contact_first_name`, `contact_last_name`, `contact_no`) VALUES ('2', 'Sugar Rush', 'Kazusa', 'Kyouyama', '9169286556');
INSERT INTO performer (`performer_id`, `performer_name`, `contact_first_name`, `contact_last_name`, `contact_no`) VALUES ('3', 'Antique Seraphim', 'Mari', 'Iochi', '9175929058');
INSERT INTO performer (`performer_id`, `performer_name`, `contact_first_name`, `contact_last_name`, `contact_no`) VALUES ('4', 'Carmina', 'Nozomi', 'Sakurai', '9572506448');
INSERT INTO performer (`performer_id`, `performer_name`, `contact_first_name`, `contact_last_name`, `contact_no`) VALUES ('5', 'She is Legend', 'Ruka', 'Kayamori', '9694530620');
INSERT INTO performer (`performer_id`, `performer_name`, `contact_first_name`, `contact_last_name`, `contact_no`) VALUES ('6', 'Leo/need', 'Saki', 'Tenma', '9360757830');
INSERT INTO performer (`performer_id`, `performer_name`, `contact_first_name`, `contact_last_name`, `contact_no`) VALUES ('7', 'MORE MORE JUMP!', 'Minori', 'Hanasato', '9410406396');
INSERT INTO performer (`performer_id`, `performer_name`, `contact_first_name`, `contact_last_name`, `contact_no`) VALUES ('8', 'Vivid BAD SQUAD', 'Kohane', 'Azusawa', '9185384438');
INSERT INTO performer (`performer_id`, `performer_name`, `contact_first_name`, `contact_last_name`, `contact_no`) VALUES ('9', 'Wonderlands x Showtime', 'Tsukasa', 'Tenma', '9836415151');
INSERT INTO performer (`performer_id`, `performer_name`, `contact_first_name`, `contact_last_name`, `contact_no`) VALUES ('10', '25-ji, Nightcord de', 'Kanade', 'Yoisaki', '9720996138');
INSERT INTO performer (`performer_id`, `performer_name`, `contact_first_name`, `contact_last_name`, `contact_no`) VALUES ('11', 'Aqours', 'Kanan', 'Matsuura', '9803599779');
INSERT INTO performer (`performer_id`, `performer_name`, `contact_first_name`, `contact_last_name`, `contact_no`) VALUES ('12', 'μ\'s', 'Honoka', 'Kosaka', '9685522584');
INSERT INTO performer (`performer_id`, `performer_name`, `contact_first_name`, `contact_last_name`, `contact_no`) VALUES ('13', 'illumination STARS', 'Mano', 'Sakuragi', '9507675643');
INSERT INTO performer (`performer_id`, `performer_name`, `contact_first_name`, `contact_last_name`, `contact_no`) VALUES ('14', 'L\'Antica', 'Kogane', 'Tsukioka', '9162437399');
INSERT INTO performer (`performer_id`, `performer_name`, `contact_first_name`, `contact_last_name`, `contact_no`) VALUES ('15', 'Houkago Climax Girls', 'Kaho', 'Komiya', '9599530446');
INSERT INTO performer (`performer_id`, `performer_name`, `contact_first_name`, `contact_last_name`, `contact_no`) VALUES ('16', 'ALSTROEMERIA ', 'Chiyuki', 'Kuwayama', '9400646818');
INSERT INTO performer (`performer_id`, `performer_name`, `contact_first_name`, `contact_last_name`, `contact_no`) VALUES ('17', 'Straylight', 'Asahi', 'Serizawa', '9282249610');
INSERT INTO performer (`performer_id`, `performer_name`, `contact_first_name`, `contact_last_name`, `contact_no`) VALUES ('18', 'noctchill', 'Toru', 'Asakura', '9517815035');
INSERT INTO performer (`performer_id`, `performer_name`, `contact_first_name`, `contact_last_name`, `contact_no`) VALUES ('19', 'SHHis', 'Nichika', 'Nanakusa', '9283375942');
INSERT INTO performer (`performer_id`, `performer_name`, `contact_first_name`, `contact_last_name`, `contact_no`) VALUES ('20', 'CoMETIK', 'Ruka', 'Ikaruga', '9444154351');

INSERT INTO staff (`staff_id`, `first_name`, `last_name`, `contact_no`) VALUES ('1', 'Asari', 'Neo', '9341029095');
INSERT INTO staff (`staff_id`, `first_name`, `last_name`, `contact_no`) VALUES ('2', 'Hazuki', 'Nanakusa', '9163618417');
INSERT INTO staff (`staff_id`, `first_name`, `last_name`, `contact_no`) VALUES ('3', 'Christina', 'Morgan', '9735755618');
INSERT INTO staff (`staff_id`, `first_name`, `last_name`, `contact_no`) VALUES ('4', 'Jun', 'Shirogane', '9326632608');
INSERT INTO staff (`staff_id`, `first_name`, `last_name`, `contact_no`) VALUES ('5', 'Karin', 'Kanzaki', '9497174446');
INSERT INTO staff (`staff_id`, `first_name`, `last_name`, `contact_no`) VALUES ('6', 'Nanami', 'Nanase', '9548344874');
INSERT INTO staff (`staff_id`, `first_name`, `last_name`, `contact_no`) VALUES ('7', 'Saki', 'Tezuka', '9687407214');
INSERT INTO staff (`staff_id`, `first_name`, `last_name`, `contact_no`) VALUES ('8', 'Nagisa', 'Kirifuji', '9019562174');
INSERT INTO staff (`staff_id`, `first_name`, `last_name`, `contact_no`) VALUES ('9', 'Mika', 'Misono', '9070666250');
INSERT INTO staff (`staff_id`, `first_name`, `last_name`, `contact_no`) VALUES ('10', 'Seia', 'Yurizono', '9586893309');
INSERT INTO staff (`staff_id`, `first_name`, `last_name`, `contact_no`) VALUES ('11', 'Kunio', 'Juuou', '9515930774');
INSERT INTO staff (`staff_id`, `first_name`, `last_name`, `contact_no`) VALUES ('12', 'Sena', 'Juuou', '9433440498');
INSERT INTO staff (`staff_id`, `first_name`, `last_name`, `contact_no`) VALUES ('13', 'Seika', 'Ijichi', '9772635386');
INSERT INTO staff (`staff_id`, `first_name`, `last_name`, `contact_no`) VALUES ('14', 'Airi', 'Amano', '9653651333');
INSERT INTO staff (`staff_id`, `first_name`, `last_name`, `contact_no`) VALUES ('15', 'Toka', 'Takao', '9653477997');

INSERT INTO performance_timeslot (`performance_timeslot_id`, `timeslot_date`, `start_time`, `end_time`) VALUES ('1', '2024-11-11', '17:00', '18:00');
INSERT INTO performance_timeslot (`performance_timeslot_id`, `timeslot_date`, `start_time`, `end_time`) VALUES ('2', '2024-11-11', '18:15', '19:15');
INSERT INTO performance_timeslot (`performance_timeslot_id`, `timeslot_date`, `start_time`, `end_time`) VALUES ('3', '2024-11-11', '19:30', '20:30');
INSERT INTO performance_timeslot (`performance_timeslot_id`, `timeslot_date`, `start_time`, `end_time`) VALUES ('4', '2024-11-11', '20:45', '21:45');
INSERT INTO performance_timeslot (`performance_timeslot_id`, `timeslot_date`, `start_time`, `end_time`) VALUES ('5', '2024-11-12', '17:00', '18:00');
INSERT INTO performance_timeslot (`performance_timeslot_id`, `timeslot_date`, `start_time`, `end_time`) VALUES ('6', '2024-11-12', '18:15', '19:15');
INSERT INTO performance_timeslot (`performance_timeslot_id`, `timeslot_date`, `start_time`, `end_time`) VALUES ('7', '2024-11-12', '19:30', '20:30');
INSERT INTO performance_timeslot (`performance_timeslot_id`, `timeslot_date`, `start_time`, `end_time`) VALUES ('8', '2024-11-12', '20:45', '21:45');
INSERT INTO performance_timeslot (`performance_timeslot_id`, `timeslot_date`, `start_time`, `end_time`) VALUES ('9', '2024-11-13', '17:00', '18:00');
INSERT INTO performance_timeslot (`performance_timeslot_id`, `timeslot_date`, `start_time`, `end_time`) VALUES ('10', '2024-11-13', '18:15', '19:15');
INSERT INTO performance_timeslot (`performance_timeslot_id`, `timeslot_date`, `start_time`, `end_time`) VALUES ('11', '2024-11-13', '19:30', '20:30');
INSERT INTO performance_timeslot (`performance_timeslot_id`, `timeslot_date`, `start_time`, `end_time`) VALUES ('12', '2024-11-13', '20:45', '21:45');
INSERT INTO performance_timeslot (`performance_timeslot_id`, `timeslot_date`, `start_time`, `end_time`) VALUES ('13', '2024-11-14', '17:00', '18:00');
INSERT INTO performance_timeslot (`performance_timeslot_id`, `timeslot_date`, `start_time`, `end_time`) VALUES ('14', '2024-11-14', '18:15', '19:15');
INSERT INTO performance_timeslot (`performance_timeslot_id`, `timeslot_date`, `start_time`, `end_time`) VALUES ('15', '2024-11-14', '19:30', '20:30');
INSERT INTO performance_timeslot (`performance_timeslot_id`, `timeslot_date`, `start_time`, `end_time`) VALUES ('16', '2024-11-14', '20:45', '21:45');
INSERT INTO performance_timeslot (`performance_timeslot_id`, `timeslot_date`, `start_time`, `end_time`) VALUES ('17', '2024-11-15', '19:00', '20:00');
INSERT INTO performance_timeslot (`performance_timeslot_id`, `timeslot_date`, `start_time`, `end_time`) VALUES ('18', '2024-11-15', '20:15', '21:15');
INSERT INTO performance_timeslot (`performance_timeslot_id`, `timeslot_date`, `start_time`, `end_time`) VALUES ('19', '2024-11-15', '21:30', '22:30');
INSERT INTO performance_timeslot (`performance_timeslot_id`, `timeslot_date`, `start_time`, `end_time`) VALUES ('20', '2024-11-15', '22:45', '23:45');
INSERT INTO performance_timeslot (`performance_timeslot_id`, `timeslot_date`, `start_time`, `end_time`) VALUES ('21', '2024-11-16', '19:00', '20:00');
INSERT INTO performance_timeslot (`performance_timeslot_id`, `timeslot_date`, `start_time`, `end_time`) VALUES ('22', '2024-11-16', '20:15', '21:15');
INSERT INTO performance_timeslot (`performance_timeslot_id`, `timeslot_date`, `start_time`, `end_time`) VALUES ('23', '2024-11-16', '21:30', '22:30');
INSERT INTO performance_timeslot (`performance_timeslot_id`, `timeslot_date`, `start_time`, `end_time`) VALUES ('24', '2024-11-16', '22:45', '23:45');
INSERT INTO performance_timeslot (`performance_timeslot_id`, `timeslot_date`, `start_time`, `end_time`) VALUES ('25', '2024-11-17', '17:00', '18:00');
INSERT INTO performance_timeslot (`performance_timeslot_id`, `timeslot_date`, `start_time`, `end_time`) VALUES ('26', '2024-11-17', '18:15', '19:15');
INSERT INTO performance_timeslot (`performance_timeslot_id`, `timeslot_date`, `start_time`, `end_time`) VALUES ('27', '2024-11-17', '19:30', '20:30');
INSERT INTO performance_timeslot (`performance_timeslot_id`, `timeslot_date`, `start_time`, `end_time`) VALUES ('28', '2024-11-17', '20:45', '21:45');
INSERT INTO performance_timeslot (`performance_timeslot_id`, `timeslot_date`, `start_time`, `end_time`) VALUES ('29', '2024-11-18', '17:00', '18:00');
INSERT INTO performance_timeslot (`performance_timeslot_id`, `timeslot_date`, `start_time`, `end_time`) VALUES ('30', '2024-11-18', '18:15', '19:15');
INSERT INTO performance_timeslot (`performance_timeslot_id`, `timeslot_date`, `start_time`, `end_time`) VALUES ('31', '2024-11-18', '19:30', '20:30');
INSERT INTO performance_timeslot (`performance_timeslot_id`, `timeslot_date`, `start_time`, `end_time`) VALUES ('32', '2024-11-18', '20:45', '21:45');
INSERT INTO performance_timeslot (`performance_timeslot_id`, `timeslot_date`, `start_time`, `end_time`) VALUES ('33', '2024-11-19', '17:00', '18:00');
INSERT INTO performance_timeslot (`performance_timeslot_id`, `timeslot_date`, `start_time`, `end_time`) VALUES ('34', '2024-11-19', '18:15', '19:15');
INSERT INTO performance_timeslot (`performance_timeslot_id`, `timeslot_date`, `start_time`, `end_time`) VALUES ('35', '2024-11-19', '19:30', '20:30');
INSERT INTO performance_timeslot (`performance_timeslot_id`, `timeslot_date`, `start_time`, `end_time`) VALUES ('36', '2024-11-19', '20:45', '21:45');
INSERT INTO performance_timeslot (`performance_timeslot_id`, `timeslot_date`, `start_time`, `end_time`) VALUES ('37', '2024-11-20', '17:00', '18:00');
INSERT INTO performance_timeslot (`performance_timeslot_id`, `timeslot_date`, `start_time`, `end_time`) VALUES ('38', '2024-11-20', '18:15', '19:15');
INSERT INTO performance_timeslot (`performance_timeslot_id`, `timeslot_date`, `start_time`, `end_time`) VALUES ('39', '2024-11-20', '19:30', '20:30');
INSERT INTO performance_timeslot (`performance_timeslot_id`, `timeslot_date`, `start_time`, `end_time`) VALUES ('40', '2024-11-20', '20:45', '21:45');

