INSERT INTO audition (`audition_id`, `performer_id`, `target_timeslot_id`, `submission_link`, `audition_status`) VALUES ('1', '20', '40', 'https://www.youtube.com/watch?v=gpvZiI3PTcw', 'PENDING');
INSERT INTO audition (`audition_id`, `performer_id`, `target_timeslot_id`, `submission_link`, `audition_status`) VALUES ('2', '14', '19', 'https://www.youtube.com/watch?v=ZeHEgsy_eBQ', 'PENDING');
INSERT INTO audition (`audition_id`, `performer_id`, `target_timeslot_id`, `submission_link`, `audition_status`) VALUES ('3', '9', '20', 'https://www.youtube.com/watch?v=NXqkIX59rKM', 'PASSED');
INSERT INTO audition (`audition_id`, `performer_id`, `target_timeslot_id`, `submission_link`, `audition_status`) VALUES ('4', '7', '1', 'https://www.youtube.com/watch?v=s89GXPGSaqg', 'PENDING');
INSERT INTO audition (`audition_id`, `performer_id`, `target_timeslot_id`, `submission_link`, `audition_status`) VALUES ('5', '16', '7', 'https://www.youtube.com/watch?v=9LP-l20jhWI', 'PASSED');
INSERT INTO audition (`audition_id`, `performer_id`, `target_timeslot_id`, `submission_link`, `audition_status`) VALUES ('6', '15', '22', 'https://www.youtube.com/watch?v=VDPnCL87P1k', 'PENDING');
INSERT INTO audition (`audition_id`, `performer_id`, `target_timeslot_id`, `submission_link`, `audition_status`) VALUES ('7', '10', '24', 'https://www.youtube.com/watch?v=K73EduBHyAw', 'PENDING');
INSERT INTO audition (`audition_id`, `performer_id`, `target_timeslot_id`, `submission_link`, `audition_status`) VALUES ('8', '3', '12', 'https://www.youtube.com/watch?v=XBzX41pMlkc', 'PENDING');
INSERT INTO audition (`audition_id`, `performer_id`, `target_timeslot_id`, `submission_link`, `audition_status`) VALUES ('9', '8', '6', 'https://www.youtube.com/watch?v=DlNC-kvZcq4', 'PASSED');
INSERT INTO audition (`audition_id`, `performer_id`, `target_timeslot_id`, `submission_link`, `audition_status`) VALUES ('10', '13', '5', 'https://www.youtube.com/watch?v=7tDawV5p0Bk', 'PASSED');
INSERT INTO audition (`audition_id`, `performer_id`, `target_timeslot_id`, `submission_link`, `audition_status`) VALUES ('11', '2', '25', 'https://www.youtube.com/watch?v=m744roAczb4', 'PASSED');
INSERT INTO audition (`audition_id`, `performer_id`, `target_timeslot_id`, `submission_link`, `audition_status`) VALUES ('12', '5', '17', 'https://www.youtube.com/watch?v=y8TlQA5lZUM', 'PASSED');
INSERT INTO audition (`audition_id`, `performer_id`, `target_timeslot_id`, `submission_link`, `audition_status`) VALUES ('13', '11', '21', 'https://www.youtube.com/watch?v=mO20a-BFIbA', 'PASSED');
INSERT INTO audition (`audition_id`, `performer_id`, `target_timeslot_id`, `submission_link`, `audition_status`) VALUES ('14', '18', '15', 'https://www.youtube.com/watch?v=NAWIdRaCIzs', 'REJECTED');
INSERT INTO audition (`audition_id`, `performer_id`, `target_timeslot_id`, `submission_link`, `audition_status`) VALUES ('15', '1', '33', 'https://www.youtube.com/watch?v=wSTbdqo-j74', 'PASSED');
INSERT INTO audition (`audition_id`, `performer_id`, `target_timeslot_id`, `submission_link`, `audition_status`) VALUES ('16', '17', '2', 'https://www.youtube.com/watch?v=37n3c4MVLLw', 'PASSED');
INSERT INTO audition (`audition_id`, `performer_id`, `target_timeslot_id`, `submission_link`, `audition_status`) VALUES ('17', '4', '32', 'https://www.youtube.com/watch?v=63SxSCGhvFs', 'PASSED');
INSERT INTO audition (`audition_id`, `performer_id`, `target_timeslot_id`, `submission_link`, `audition_status`) VALUES ('18', '6', '8', 'https://www.youtube.com/watch?v=S1NmnBCL30M', 'REJECTED');
INSERT INTO audition (`audition_id`, `performer_id`, `target_timeslot_id`, `submission_link`, `audition_status`) VALUES ('19', '12', '35', 'https://www.youtube.com/watch?v=vJ3jNTH2QL0', 'PASSED');
INSERT INTO audition (`audition_id`, `performer_id`, `target_timeslot_id`, `submission_link`, `audition_status`) VALUES ('20', '19', '18', 'https://www.youtube.com/watch?v=PV44FZwyS5M', 'PASSED');

INSERT INTO performance (`performance_id`, `performer_id`, `performance_timeslot_id`, `base_quota`, `performance_status`) VALUES ('1', '9', '20', '5000.00', 'PENDING');
INSERT INTO performance (`performance_id`, `performer_id`, `performance_timeslot_id`, `base_quota`, `performance_status`) VALUES ('2', '16', '7', '5000.00', 'PENDING');
INSERT INTO performance (`performance_id`, `performer_id`, `performance_timeslot_id`, `base_quota`, `performance_status`) VALUES ('3', '8', '6', '5000.00', 'PENDING');
INSERT INTO performance (`performance_id`, `performer_id`, `performance_timeslot_id`, `base_quota`, `performance_status`) VALUES ('4', '13', '5', '5000.00', 'PENDING');
INSERT INTO performance (`performance_id`, `performer_id`, `performance_timeslot_id`, `base_quota`, `performance_status`) VALUES ('5', '2', '25', '5000.00', 'PENDING');
INSERT INTO performance (`performance_id`, `performer_id`, `performance_timeslot_id`, `base_quota`, `performance_status`) VALUES ('6', '5', '17', '5000.00', 'PENDING');
INSERT INTO performance (`performance_id`, `performer_id`, `performance_timeslot_id`, `base_quota`, `performance_status`) VALUES ('7', '11', '21', '5000.00', 'PENDING');
INSERT INTO performance (`performance_id`, `performer_id`, `performance_timeslot_id`, `base_quota`, `performance_status`) VALUES ('8', '1', '33', '5000.00', 'PENDING');
INSERT INTO performance (`performance_id`, `performer_id`, `performance_timeslot_id`, `base_quota`, `performance_status`) VALUES ('9', '17', '2', '5000.00', 'PENDING');
INSERT INTO performance (`performance_id`, `performer_id`, `performance_timeslot_id`, `base_quota`, `performance_status`) VALUES ('10', '4', '32', '5000.00', 'PENDING');
INSERT INTO performance (`performance_id`, `performer_id`, `performance_timeslot_id`, `base_quota`, `performance_status`) VALUES ('11', '12', '35', '5000.00', 'PENDING');
INSERT INTO performance (`performance_id`, `performer_id`, `performance_timeslot_id`, `base_quota`, `performance_status`) VALUES ('12', '19', '18', '5000.00', 'PENDING');

INSERT INTO performance_revenue (`performance_id`, `ticket_price`, `tickets_sold`, `cut_percent`) VALUES ('1', '100.00', '23', '0.10');
INSERT INTO performance_revenue (`performance_id`, `ticket_price`, `tickets_sold`, `cut_percent`) VALUES ('2', '100.00', '29', '0.10');
INSERT INTO performance_revenue (`performance_id`, `ticket_price`, `tickets_sold`, `cut_percent`) VALUES ('3', '100.00', '37', '0.10');
INSERT INTO performance_revenue (`performance_id`, `ticket_price`, `tickets_sold`, `cut_percent`) VALUES ('4', '100.00', '31', '0.10');
INSERT INTO performance_revenue (`performance_id`, `ticket_price`, `tickets_sold`, `cut_percent`) VALUES ('5', '100.00', '40', '0.10');
INSERT INTO performance_revenue (`performance_id`, `ticket_price`, `tickets_sold`, `cut_percent`) VALUES ('6', '100.00', '24', '0.10');
INSERT INTO performance_revenue (`performance_id`, `ticket_price`, `tickets_sold`, `cut_percent`) VALUES ('7', '100.00', '30', '0.10');
INSERT INTO performance_revenue (`performance_id`, `ticket_price`, `tickets_sold`, `cut_percent`) VALUES ('8', '100.00', '20', '0.10');
INSERT INTO performance_revenue (`performance_id`, `ticket_price`, `tickets_sold`, `cut_percent`) VALUES ('9', '100.00', '22', '0.10');
INSERT INTO performance_revenue (`performance_id`, `ticket_price`, `tickets_sold`, `cut_percent`) VALUES ('10', '100.00', '22', '0.10');

INSERT INTO equipment_rental (`rental_id`, `performer_id`, `equipment_id`, `start_date`, `end_date`, `equipment_status`, `payment_status`) VALUES ('1', '2', '4', '2024-11-10', '2024-11-11', 'PENDING', 'NOT_PAID');
INSERT INTO equipment_rental (`rental_id`, `performer_id`, `equipment_id`, `start_date`, `end_date`, `equipment_status`, `payment_status`) VALUES ('2', '2', '7', '2024-11-10', '2024-11-11', 'UNDAMAGED', 'CANCELLED');
INSERT INTO equipment_rental (`rental_id`, `performer_id`, `equipment_id`, `start_date`, `end_date`, `equipment_status`, `payment_status`) VALUES ('3', '2', '6', '2024-11-10', '2024-11-11', 'PENDING', 'NOT_PAID');
INSERT INTO equipment_rental (`rental_id`, `performer_id`, `equipment_id`, `start_date`, `end_date`, `equipment_status`, `payment_status`) VALUES ('4', '2', '14', '2024-11-10', '2024-11-11', 'PENDING', 'NOT_PAID');
INSERT INTO equipment_rental (`rental_id`, `performer_id`, `equipment_id`, `start_date`, `end_date`, `equipment_status`, `payment_status`) VALUES ('5', '2', '16', '2024-11-10', '2024-11-11', 'PENDING', 'NOT_PAID');
INSERT INTO equipment_rental (`rental_id`, `performer_id`, `equipment_id`, `start_date`, `end_date`, `equipment_status`, `payment_status`) VALUES ('6', '1', '5', '2024-11-14', '2024-11-17', 'PENDING', 'NOT_PAID');
INSERT INTO equipment_rental (`rental_id`, `performer_id`, `equipment_id`, `start_date`, `end_date`, `equipment_status`, `payment_status`) VALUES ('7', '2', '4', '2024-11-17', '2024-11-18', 'PENDING', 'NOT_PAID');
INSERT INTO equipment_rental (`rental_id`, `performer_id`, `equipment_id`, `start_date`, `end_date`, `equipment_status`, `payment_status`) VALUES ('8', '2', '6', '2024-11-17', '2024-11-18', 'PENDING', 'NOT_PAID');
INSERT INTO equipment_rental (`rental_id`, `performer_id`, `equipment_id`, `start_date`, `end_date`, `equipment_status`, `payment_status`) VALUES ('9', '2', '14', '2024-11-17', '2024-11-18', 'PENDING', 'NOT_PAID');
INSERT INTO equipment_rental (`rental_id`, `performer_id`, `equipment_id`, `start_date`, `end_date`, `equipment_status`, `payment_status`) VALUES ('10', '2', '16', '2024-11-17', '2024-11-18', 'PENDING', 'NOT_PAID');
INSERT INTO equipment_rental (`rental_id`, `performer_id`, `equipment_id`, `start_date`, `end_date`, `equipment_status`, `payment_status`) VALUES ('11', '1', '5', '2024-11-19', '2024-11-20', 'PENDING', 'NOT_PAID');

INSERT INTO staff_assignment (`staff_id`, `performance_id`) VALUES ('4', '1');
INSERT INTO staff_assignment (`staff_id`, `performance_id`) VALUES ('7', '1');
INSERT INTO staff_assignment (`staff_id`, `performance_id`) VALUES ('12', '2');
INSERT INTO staff_assignment (`staff_id`, `performance_id`) VALUES ('10', '2');
INSERT INTO staff_assignment (`staff_id`, `performance_id`) VALUES ('8', '3');
INSERT INTO staff_assignment (`staff_id`, `performance_id`) VALUES ('6', '3');
INSERT INTO staff_assignment (`staff_id`, `performance_id`) VALUES ('2', '4');
INSERT INTO staff_assignment (`staff_id`, `performance_id`) VALUES ('11', '4');
INSERT INTO staff_assignment (`staff_id`, `performance_id`) VALUES ('8', '5');
INSERT INTO staff_assignment (`staff_id`, `performance_id`) VALUES ('9', '5');
INSERT INTO staff_assignment (`staff_id`, `performance_id`) VALUES ('10', '5');
INSERT INTO staff_assignment (`staff_id`, `performance_id`) VALUES ('5', '6');
INSERT INTO staff_assignment (`staff_id`, `performance_id`) VALUES ('9', '6');
INSERT INTO staff_assignment (`staff_id`, `performance_id`) VALUES ('3', '7');
INSERT INTO staff_assignment (`staff_id`, `performance_id`) VALUES ('9', '8');
INSERT INTO staff_assignment (`staff_id`, `performance_id`) VALUES ('1', '8');
INSERT INTO staff_assignment (`staff_id`, `performance_id`) VALUES ('7', '9');
INSERT INTO staff_assignment (`staff_id`, `performance_id`) VALUES ('2', '9');
INSERT INTO staff_assignment (`staff_id`, `performance_id`) VALUES ('14', '10');
INSERT INTO staff_assignment (`staff_id`, `performance_id`) VALUES ('5', '10');
INSERT INTO staff_assignment (`staff_id`, `performance_id`) VALUES ('1', '11');
INSERT INTO staff_assignment (`staff_id`, `performance_id`) VALUES ('4', '11');
INSERT INTO staff_assignment (`staff_id`, `performance_id`) VALUES ('15', '12');
INSERT INTO staff_assignment (`staff_id`, `performance_id`) VALUES ('6', '12');

INSERT INTO staff_position (`staff_id`, `position_id`, `start_date`, `end_date`) VALUES ('1', '1', '2024-09-01', '2024-09-30');
INSERT INTO staff_position (`staff_id`, `position_id`, `start_date`, `end_date`) VALUES ('1', '2', '2024-10-01', NULL);
INSERT INTO staff_position (`staff_id`, `position_id`, `start_date`, `end_date`) VALUES ('2', '1', '2024-09-01', NULL);
INSERT INTO staff_position (`staff_id`, `position_id`, `start_date`, `end_date`) VALUES ('3', '1', '2024-09-01', '2024-10-31');
INSERT INTO staff_position (`staff_id`, `position_id`, `start_date`, `end_date`) VALUES ('3', '2', '2024-10-01', NULL);
INSERT INTO staff_position (`staff_id`, `position_id`, `start_date`, `end_date`) VALUES ('4', '1', '2024-10-01', NULL);
INSERT INTO staff_position (`staff_id`, `position_id`, `start_date`, `end_date`) VALUES ('5', '1', '2024-10-01', '2024-10-31');
INSERT INTO staff_position (`staff_id`, `position_id`, `start_date`, `end_date`) VALUES ('6', '1', '2024-10-01', '2024-10-31');
INSERT INTO staff_position (`staff_id`, `position_id`, `start_date`, `end_date`) VALUES ('7', '1', '2024-10-01', '2024-10-31');
INSERT INTO staff_position (`staff_id`, `position_id`, `start_date`, `end_date`) VALUES ('8', '1', '2024-10-01', NULL);
INSERT INTO staff_position (`staff_id`, `position_id`, `start_date`, `end_date`) VALUES ('9', '1', '2024-10-01', '2024-10-31');
INSERT INTO staff_position (`staff_id`, `position_id`, `start_date`, `end_date`) VALUES ('9', '2', '2024-11-01', NULL);
INSERT INTO staff_position (`staff_id`, `position_id`, `start_date`, `end_date`) VALUES ('10', '1', '2024-11-01', NULL);
INSERT INTO staff_position (`staff_id`, `position_id`, `start_date`, `end_date`) VALUES ('11', '1', '2024-11-01', NULL);
INSERT INTO staff_position (`staff_id`, `position_id`, `start_date`, `end_date`) VALUES ('12', '1', '2024-11-01', NULL);
INSERT INTO staff_position (`staff_id`, `position_id`, `start_date`, `end_date`) VALUES ('13', '1', '2024-11-01', NULL);
INSERT INTO staff_position (`staff_id`, `position_id`, `start_date`, `end_date`) VALUES ('14', '1', '2024-11-01', NULL);
INSERT INTO staff_position (`staff_id`, `position_id`, `start_date`, `end_date`) VALUES ('15', '1', '2024-11-01', NULL);

